{
  "cat": {
    "FID": 113.16532222634595,
    "KID": 0.1316665289207396,
    "num_samples": 100,
    "seq_length": 425
  },
  "bus": {
    "FID": 170.20631510595055,
    "KID": 0.19858076631780475,
    "num_samples": 100,
    "seq_length": 451
  },
  "rabbit": {
    "FID": 48.3199,
    "KID": 0.0459,
    "num_samples": 250,
    "seq_length": 500
  }
}